Epoch,Training Loss,Phase Coherence
1,0.2997449132426906,0.8044368965711688
2,0.2824395810590486,0.8112266149025773
3,0.2822138824637749,0.82088472674458
4,0.28253710549619554,0.8272500938888536
5,0.28252625224234473,0.8318533340790679
6,0.2824902599729505,0.8345792803568972
7,0.2824729626003518,0.8364077621510426
8,0.28142546920798067,0.8646895431523953
9,0.2814010610999236,0.8646871986151863
10,0.2813970202340963,0.8649556695821623
