Epoch,Training Loss,Validation Loss,Phase Coherence,Learning Rate
1,0.00013031662978974865,8.278949052479203e-05,0.35914234494164954,0.0001
2,2.2415682589976568e-05,6.38442085862176e-05,0.35993238185100423,0.0001
3,1.1289187462403566e-05,4.718871883978563e-05,0.36007240372461896,0.0001
4,7.007027932873051e-06,5.315114043076042e-05,0.36012715752913016,0.0001
5,4.130569713568008e-06,4.561283470917731e-05,0.3601275221133313,0.0001
6,3.040874423323473e-06,3.463534303850867e-05,0.3601391034826176,0.0001
