Epoch,Training Loss,Validation Loss,Phase Coherence,Learning Rate
1,0.5650151083397367,0.651703138169674,0.8053118101931462,0.0001
